 Text, Attachments, Likes, Comments, Reposts
"Озвучка легендарного канала Forgotten Weapons. Как вы и просили сегодня в выпуске чешский автоматический пистолет vzor 61 Скорпион. <br> <br>Ставьте льюисы, делайте ремингтоны и, если хотите поддержать обзоры рублём, кошелёк в описании. Все это является гарантом выхода новых и более качественных выпусков. <br> <br>#weapons@sofa_expert #materials@sofa_expert #оружие #скорпион #vz61 #огнестрел, None, 68, 50, 1"
"Военнослужащие Бундесвера в патруле в деревне Новабад, в провинции Бадахшан, Афганистан. Надпись на шлеме: ""Leg dich mit den Besten an und du wirst sterben wie alle dann!"" Переводя через гугол получилось что-то типо: ""Ложись с лучшими и умри как все"".<br>#army@sofa_expert, photo https://pp.userapi.com/c846017/v846017572/a955/dRqYsKv411w.jpg, 11, 3, 0"
"Три солдата SAS позируют перед U.S. Air Force A10 Warthog. <br>A10 - отлично подходит для воздушной поддержки солдат на земле. <br><br> Операция Traction 2, началась в 2007 году, по задумке JSOC была призвана остановить нападения шиитских боевиков в южном Ираке. В середине марта 2007 года в Басру была развернута эскадрилья G, а «Отряд Hathor» был усилен и переименован в «Task Force Spartan». Они сразу приступили к сбору разведданных, а в ночь на 20 марта 2007 года эскадрилья G 22 SAS совершила налет на дом в Басре, в котором находился Qais Khazali командир шиитских боевиков и иранское доверенное лицо, а также Laith al-Khazali и Ali Mussa Daqduq, советники «Хизбаллы». Операция была проведена без жертв. <br>Операция оказался самым значительным рейдом, проведенным британскими войсками в Ираке, в результате которого были получены ценные разведданные в относительно иранского участия в подготовке шиитских бевиков.<br>«Task Force Spartan» была распущена, когда британские войска вышли из Басры в 2009 году.<br><br>описание взято с инстаграм группы пагода22сас<br>#sof@sofa_expert, photo https://pp.userapi.com/c845419/v845419034/1013a/f08H_T1H3tg.jpg, 12, 3, 2"
"Военнослужащие Армии США, КМП США и Великобритании в Афганистане.<br>#army@sofa_expert, photo https://pp.userapi.com/c845524/v845524214/ea1e/huzsGuxRHic.jpg, 20, 1, 0"
"#Франция@anti_terrorism <br>#Фотографии@anti_terrorism <br><br>GIGN, photo https://pp.userapi.com/c847221/v847221533/ac9a/qK9NE7FtZmU.jpg, 16, 5, 2"
"Эсминец DD-119 Асахи в Сасэбо. 8 марта 2018 года корабль официально вступил в строй и вошел в подчинение 2-й эскортной флотилии. <br><br>#navy@sofa_expert, photo https://sun9-5.userapi.com/c834300/v834300970/fcdbd/LeXe9wWCTg0.jpg, 22, 2, 0"
"Штурмовая винтовка Howa Type 89.<br><br>#weapons@sofa_expert, photo https://sun9-2.userapi.com/c834300/v834300970/fcdb0/29Hhcv49zUk.jpg, 51, 3, 0"
"Танки К2 из состава 20-й механизированной дивизии во время учений. <br><br>#vehicles@sofa_expert, photo https://pp.userapi.com/c840329/v840329023/67af4/AnkQaqCAWqo.jpg, 29, 0, 1"
"Японские десантники из состава 1-й воздушно-десантной бригады во время высадки в Австралии. <br><br>#army@sofa_expert, photo https://sun9-2.userapi.com/c834200/v834200938/fc0a1/7QLomG0qiRY.jpg, 32, 3, 0"
"Японские бойцы из состава 36-го пехотного полка готовятся к чистке здания. <br><br>#army@sofa_expert, photo https://sun9-8.userapi.com/c834200/v834200938/fc07e/5n9YvlG4_QY.jpg, 37, 10, 1"
"Корейские и американские морпехи во время учений Cobra Gold 2015.<br><br>#army@sofa_expert, photo https://pp.userapi.com/c846416/v846416938/924e/J4EsaPQwisg.jpg, 29, 6, 1"
"Соскучились по азиатам? <br><br>Корейские бойцы из состава 707-го батальона специальных операций в Ираке. Середина 2000.<br><br>#army@sofa_expert, photo https://pp.userapi.com/c846416/v846416938/923e/dcoAdsK3FOM.jpg, 84, 3, 3"
"Винтовки всех (или почти всех) стран-участниц ВМВ<br><br>#weapons@sofa_expert, photo https://sun9-1.userapi.com/c840431/v840431329/6963b/_85lDGPNLZU.jpg, 83, 13, 6"
"Хоплофобный рак, убивающий ютуб, позаботился о том, чтобы анончик с огнестрелом головного мозга тёр свою шишечку без чувства, будто это что-то неправильное.<br><br>Админ: ой, тут все на украинском. Если в двух словах: ютуб банит каналы оружейные, поэтому некоторые товарищи переезжают на порнхаб, None, 38, 15, 1"
"FN P90S как гражданская разновидность всеми известного PDW. Имеет 16-дюймовый ствол (40 см), что позволяет избежать попадания под классификацию SBR. Однако не смотря на то, что сам Р90 широко известен в мире, его гражданская версия никогда не знала успеха на рынке, а причин тому хватает: это и высокая стоимость боеприпасов 5.7, это и проблема с труднодоступными запчастями, да и сама по себе стоит она немало: около 2500 долларов.<br><br>#weapons@sofa_expert, photo https://pp.userapi.com/c623900/v623900909/e99bf/QiUBJqFT9Ss.jpg, 44, 13, 1"
"Очень редкое советское самозарядное барабанное ружье с газовой автоматикой. До комбо осталось только сделать его в компоновке булл-пап. Является дипломной работой некого А.К. Татаринова 1959 года.<br>Принцип работы описывает сам создатель следующим образом: «При решении вопроса о принципе автоматики автор отдал предпочтение поршневой системе с отводом газов из канала ствола вниз. Ствол получается неподвижный в ствольной коробке (в рамке). Для работы газов даётся незначительная нагрузка: следует только толкнуть поршень назад, чтобы он повернул барабан и взвёл ударно-спусковой механизм…».<br><br>#weapons@sofa_expert, photo https://sun9-9.userapi.com/c824600/v824600325/f7f9f/fPb2cq2Nfa4.jpg, 57, 32, 0"
"3Д моделька ТКБ-468.<br><br>#weapons@sofa_expert, photo https://sun9-3.userapi.com/c830709/v830709679/ae087/iV_i7XtApxw.jpg, 66, 7, 2"
"#Armies_of_the_World_познавательные_передачи <br>Сериал рассказывает о самых драматичных секретных операциях современной истории, которые проводятся войсками специального назначения, воссоздает реальные события и включает в себя рассказы участников спецзаданий и архивные съемки операций. Когда идет речь о террористах-фанатиках или о непримиримых врагах, бывают моменты, когда выбирать не приходится и власти прибегают к помощи специальных подразделений. Некоторые из них – это британская специальная воздушная служба, «морские котики», израильская «Моссад», а также 10-ая группа специального назначения США. Их деятельность связана с величайшим риском: провал спецоперации означает многочисленные человеческие жертвы и серьезные политические последствия. <br><br>1 серия. Удар по Сирии (The Strike on Syria). Враждебная страна пыталась создать атомную бомбу. За этим заговором стоял лидер, который мечтал уничтожить Израиль. С этой угрозой поручили справиться трем элитным спецподразделениям. Израильский спецназ начинает одну из самых выдающихся секретных операций в истории.<br> <br>2 серия. Операция «Молот викинга» (Operation Viking Hammer). В глубине территории Ирака опаснейшая группа террористов создала базу. Там они готовили химическое оружие. Поэтому группу необходимо было уничтожить. Для этого туда послали бойцов элитного спецподразделения «Зеленых беретов». Вмести с ними, сражалась группа местных партизан. Их ждала горная труднопроходимая местность. Вы узнаете подлинную историю операции «Молот викинга», о том, как небольшая группа бойцов, вопреки всем напастям, смогла провести важную контртеррористическую операцию во время войны в Ираке.<br><br>3 серия. Правда о падении «Черного ястреба» (The Real Black Hawk Down). Элитные подразделения американских вооруженных сил на вертолетах «Блек Хок» наносят удар в самое сердце сомалийской столице Могадишо. Задача – похитить двух пособников жестокого сомалийского полевого командира. Миссия силовиков должна была занять менее часа, однако все пошло не так, как планировалось…. И тогда все изменилось, операция стала совершенно иной… Это сражение позднее получит название: операция «Падение «Черного ястреба»».<br><br>4 серия. Осада японского посольства (The Japanese Embassy Siege). Группа до зубов вооруженных террористов захватывает территорию посольства. Вскоре начинается осада. Нападавшие,захватили видных политиков, генералов и множество особо важных персон. Их продержат в плену более 100 дней. Для сил особого назначения, лобовая атака не возможна. Необходимо нечто нестандартное – нападение из под земли. На кону жизни 72 заложников. Это история о том, как перуанские коммандос, положили конец одной из самых продолжительных осад террористов в истории.<br><br>5 серия. Убийство Абу Джихада (The Killing of Abu Jihad). На совести этого человека десятки террактов унесших множество невинных жизней. Его руки по локоть в крови евреев. Один из опаснейших террористов в мире. Единственный выход - устранить его. Эта задача ложится на плечи бойцов израильского спецназа. Эта миссия станет одной из самых смелых секретных операций в истории.<br><br>7 серия. Спасение из афганского плена.В отдаленной афганской провинции преступная группа захватывает в плен двух женщин. Похитители выдвигают жесткие требования и грозят продать заложниц талибам. Для освобождения заложниц создаётся объединенный отряд из представителей лучших спецподразделений в мире: британской SAS и американских «Морских котиков». Однако подобные операции отличаются особой сложностью, малейшая ошибка - фатальна. Это рассказ о том, как лучшие из лучших планировали и успешно осуществили миссию «Юбилей», одну из труднейших в истории.<br><br>8 серия. Безжалостные коммунистические террористы выбрали мишенью невинных гражданских лиц. Убийства и погромы охватили всю нацию. Безумный вожак мятежников известен тем, что потрошил беременных женщин, убивал и грабил, после чего бесследно исчезал в болотах джунглей. Это задача для британской SAS. Но бойцов нужно еще как следует подготовить. Необходимо разработать новую тактику и методы, а затем проникнуть вглубь самого не гостеприимного места на свете - в малайские джунгли. Смогут ли они загнать в угол и поймать добычу, используя свою великолепную подготовку и сверхчеловеческую выносливость?, None, 25, 0, 4"
"Никогда не слышал о том, что в СССР велись разработки пистолета-пулемета со складным приемником магазина. В основном такими вещами успешно занимались швейцарцы, французы и еще кто-то, не вспомню. <br><br>Имя его ТКБ-468. Индекс уже подсказывает внимательному читателю, что проект не увенчался успехом. Создан на базе ППС-43 в 1955 году для диверсионных отрядов, питание осуществлялось патронами 9х18 Макаров из коробчатого двухрядного магазина. В разработке участвовал Игорь Яковлевич Стечкин. К тому времени пистолеты-пулеметы в СССР потеряли актуальность в связи с появлением АК, в связи с этим ТКБ-468 остался в качестве опытного прототипа лежать на полке, покрываясь вековой пылью. <br><br>#weapons@sofa_expert #materials@sofa_expert, photo https://sun9-8.userapi.com/c824604/v824604679/dfdbf/kfV4GKZ3EJQ.jpg, 64, 7, 1"
"#aircrafts@messershmitt_everyday <br>#articles@messershmitt_everyday <br><br>Bf.109V-10/V-14. <br><br>Данный мессершмитт был построен в 1937 году. Этот самолет является не серийной моделью, а прототипом. За основу V-10 (Так же в некоторых источниках V-14) был взят Bf.109B в который установили новый специально разработанный гоночный двигатель ""Daimler-Benz"" DB 600Aa взлетной мощностью 960 л.с, трехлопастной цельнометаллический винт изменяемого шага VDM, нанесли гражданский бортовой номер D-ISLU и выкрасили в яркий малиновый цвет. Целью было провести испытания этого двигателя и увеличить производительность самолета. В это время в Испании, в составе Jagdgruppe J/88 Легиона ""Кондор"" уже воевали Bf.109B. <br><br>Однако, если в Испании Bf.109 сражались чуть ли не инкогнито, хотя министерство пропаганды довольно активно освещало ""деятельность"" легиона ""Кондор"", особое внимание было уделено использованию истребителя Мессершмитта для поднятия международного престижа немецкой авиации.<br><br>Такой возможностью стал 4-й международный авиационный слет в Цюрихе, в Дюбендорфе, который проходил с 23 июля по 1 августа 1937 года. В немецкую команду было включено не меньше пяти машин мессершмитта, причем ни одна из них не была серийным вариантом. Так Bf.109V-8 (D-IPLU) и Bf.109V-9 были оснащены Jumo 210Ga с непосредственным впрыском топлива, третьим был Bf.109B-2 без оружия, четвертым и пятым Bf.109V-10 (D-ISLU) и V-13 (D-IPKY) с DB600Aa. Для участия в гонке V-10 получил гоночный номер 6.<br><br>Пилотом V-10 был генерал-майор Эрнст Удет. На своем самолете он надеялся выиграть конкурс среди боевых самолетов на гонке ""круга Альп"", но во время полета двигатель отказал и самолет был абсолютно разбит при вынужденной посадке. Сам Удет не пострадал, а оставшиеся Мессершмитты выиграли большинство соревнований. Результатом этих гонок стала закупка Швейцарией 99-ти Bf.109 из Германии (10 штук модификации D и 89 штук модификации E-3), все прототипы помогли созданию модификации С, а известность мессершмитта облетела весь мир и подняло его престиж на небывалую высоту., photo https://sun9-1.userapi.com/c831408/v831408033/af9cf/1HirFQTEzrs.jpg, 23, 0, 1"
"Давно не было немцев. Перед вами Erma Gurt 44.<br><br>Пистолет пулемет, созданный немецким оружейником Августом Коендерсом. Интересным является необычная для пистолета-пулемета компоновка и способ питания. Он питается из металлических патронных лент с фиксированной длиной патроном 9х19 Парабеллюм. Приклад внешне напоминает МГ 34 (не путать с мужским государством, они петухи). Автоматика основана на отдаче свободного затвора. При откате назад он не ударялся о стенку ствольной коробки за счет давления возвратной пружины. <br><br>Цель разработки заключалась в создании максимально простого и дешевого так называемого ""народного"" оружия для вооружения голожопых крестьян (ополчения). Образец не получил распространения в связи со сложной и неудачной конструкцией.<br><br>#weapons@sofa_expert #freaks@sofa_expert #materials@sofa_expert, photo https://pp.userapi.com/c845017/v845017834/c765/2JD8TsNVE9g.jpg, 56, 30, 0"
"В конкурсе победил чел по имени [id221642139|Дмитрий]. <br><br>Действительно, изобретатель чех по имени Алоис Томишка. Его самозарядный пистолет Маленький Том стал первым обладателем УСМ двойного действия. <br><br>Свои сто рублей получишь почтой России. Только беда в том, что у мелочи нет, тк я миллионер, отсылаю косарь, как разменяешь - сдачу верни., photo https://sun9-2.userapi.com/c840532/v840532834/6c70d/4Knom1ucXF8.jpg, 32, 3, 0"
"От подписчика<br><br>Приветствую вас, подписчики Диванного Эксперта. Я принёс вам немного инфы о загадочном прицеле ""Народоволец"", который светился на разных оружейных выставках и у бойцов российских спецподразделений. По внешнему виду он сразу же показался мне подозрительно похожим на канадский ELCAN SpecterDR, но какой-то внятной информации о нем я долгое время найти на мог. И вот внезапно мне довелось найти фотографии прицельной сетки и некоторые характеристики в обсуждениях одной из групп ВК. Теперь же я расскажу о том, что вызнал.<br><br> Итак, его внешние сходства с канадцем оказались абсолютно не случайны: ""Народоволец"" имеет переменную кратность 1x-4x и прицельную сетку (фото 2,3), очень похожую на сетку SpecterDR (На фото 4 прицельная сетка этого канадца). Прицельную сетку мы рассмотрим поподробнее:<br> Она размечена для стрельбы на дистанцию от 100 метров до километра, причём прицельные метки для ведения огня на расстояние 600-1000 метров рассчитаны для пулемёта. Судя по фотографиям, измерять расстояние до цели при помощи горизонтальных штрихов (выделены зелёным цветом на третьем фото), служащих в качестве прицельных меток для стрельбы на дистанцию 200-500 метров, не получится, так как размеры всех, кроме последнего, одинаковы. Также имеются две дальномерные шкалы для измерения дистанции до целей высотой 1,5 и 2,7 метра. Сама прицельная сетка может подсвечиваться для более комфортной работы при плохой освещённости. <br><br> Ещё одна интересная деталь заключается в том, что в этом же обсуждении владельцы ""Народовольца"" писали о смещении средней точки попадания при смене кратности, а это очень и очень нехорошо.<br> Судя по этим данным, перед нами не очень качественная копия ELCAN SpecterDR, у которой смещается СТП при смене кратности, а также отсутствует возможность измерять дальность до цели при помощи горизонтальных штрихов. Второй недостаток усиливается тем, что дальномерные шкалы не рассчитаны для измерения дальности до человека. Возможно, эти недостатки были в дальнейшем исправлены, но мне почему-то слабо в это верится.<br><br>#weapons@sofa_expert #materials@sofa_expert, photo https://pp.userapi.com/c844724/v844724922/bb2f/42LGnWyUuUQ.jpg, 53, 18, 2"
"Начинаем небольшой конкурс. <br>Кто с первой попытки назовёт происхождение оружейника, который изобрёл первый полуавтоматический пистолет с УСМ двойного действия получит... сто рублей).<br><br>Настоятельно рекомендую челам из конфы не участвовать в конкурсе. Денег на бутылку дешевого пива не получите))0 <br><br>Картинка для привлечения внимания.<br><br>#weapons@sofa_expert #admin@sofa_expert, photo https://sun9-1.userapi.com/c824410/v824410174/f1b6e/bg_q9LtHVis.jpg, 11, 33, 0"
"Британский военный велосипед Sunbeam с креплением на раме для винтовки SMLE Mark III<br><br>#weapons@sofa_expert, photo https://sun9-7.userapi.com/c824603/v824603743/f2329/oFK40Q4f5Ws.jpg, 52, 15, 1"
"Новая порция азиатов. <br><br>Корейский боец с винтовкой K1A из военной полиции ВВС Республики Корея. <br><br>#weapons@sofa_expert, photo https://pp.userapi.com/c844721/v844721997/bff1/zMGXPH-BCzc.jpg, 50, 4, 0"
"#vehicles@sofa_expert <br><br>Видос Министерства Обороны Сингапура про Leopard ARV, стоящий у них на вооружении.<br>Впечатляет., None, 38, 1, 1"
"Раз у нас пошла новая мода на крутые пушки без доп инфы/матчасти, то вам вам просто KSG-12, которого владелец назвал ""El Diablo"".<br>Зато азиатов хоть как-то разбавим.<br><br>#weapons@sofa_expert, photo https://pp.userapi.com/c840234/v840234684/8e4a8/OHYdLoZhObU.jpg, 57, 13, 3"
"СВД на стероидах у ИГИЛ (к слову, она (организация) запрещена на территории РФ). <br><br>UPD ну или не игил, кто разберет этих арабов <br><br>#weapons@sofa_expert, photo https://pp.userapi.com/c846320/v846320479/6065/1-9NvXM3Ud8.jpg, 82, 17, 3"
"B+T TP9<br><br>#weapons@sofa_expert, photo https://pp.userapi.com/c846419/v846419927/7040/Kp2vnJoKJ04.jpg, 61, 3, 2"
"Завал ненужной писанины по учебе, поэтому погрузимся в пучину лук3. Знаете, картинки без подписей с ""крутыми"" ""пухами"" набирают больше классов, чем матчасть, так что лично я очень даже не против. <br><br>#weapons@sofa_expert, photo https://sun9-6.userapi.com/c840722/v840722927/68578/_HsinvC5za0.jpg, 65, 17, 0"
"Комплект модернизации венгерского автомата AK-63F.<br>Он включает в себя: <br><br>Прицел Aimpoint Comp M3 2 MOA<br>Пистолетная рукоять CAA UPG-47<br>Тактическая рукоять со складными сошками CAA BPP <br>Приклад CAA CBS&amp;ACP<br>Крышка ствольной коробки от HM ARZENÁL ZRt<br>Подствольный гранатомёт HK 416<br>Магнифер Aimpoint 3XMAG <br>Ночная оптика D-740<br><br>#weapons@sofa_expert, photo https://pp.userapi.com/c845421/v845421841/9c0b/Xej0iNgF9B8.jpg, 45, 7, 1"
"P320 но комменто<br><br>#weapons@sofa_expert, None, 57, 20, 2"
"Солдат Армии США примеряет японский бронежилет Type 3. <br><br>#army@sofa_expert, photo https://pp.userapi.com/c840122/v840122157/8d285/LAeHFe2GDNE.jpg, 51, 4, 0"
"Танк K2 из состава 20-й механизированной дивизии во время учений. <br><br>#vehicles@sofa_expert, photo https://pp.userapi.com/c840122/v840122157/8d27b/vAqsGW23JHc.jpg, 34, 0, 0"
"#army@sofa_expert<br><br>Бронеавтомобиль LAV японского контингента в Ираке., photo https://pp.userapi.com/c846322/v846322968/5127/VCz37dIYM7w.jpg, 52, 9, 0"
"F-35A ВСС Японии во время проверочных полетов. Авиабаза Комаки. <br><br>#aircraft@sofa_expert, photo https://pp.userapi.com/c846322/v846322968/5103/Ur1w1-yLq9I.jpg, 38, 0, 0"
"Первый корейский F-35A.<br><br>#aircraft@sofa_expert, photo https://pp.userapi.com/c840338/v840338968/67e25/BElPHr5fQAw.jpg, 29, 0, 0"
"#vehicles@sofa_expert <br><br>Видео, которое прекрасно иллюстрирует всю модульность конструкции Boxer'а.<br><br>На деле подобная операция должна проводиться за ~30 минут в полевых условиях, None, 46, 9, 1"
"#vehicles@sofa_expert <br><br>Солдаты 1-го инженерного батальона морской пехоты ВС США вытаскивают застрявшую в грязи БРЭМ М88А2 ""Геркулес"". <br><br>И смех, и грех, давно я такой беспомощности (при наличии достаточных средств) не видел.<br><br>UPD. Они ещё и ТБ грубейшим образом нарушают., None, 36, 21, 0"
"Американский клон немецкой полуавтоматической винтовки НК93 - PTR-91 под .308 Win, но в несколько непривычном SBR-варианте: укорочены ствол и цевье. Его владельцы - счастливые очевидцы потрясающего фаерболла при каждом выстреле (и, возможно, обладатели травм барабанных перепонок).<br><br>#weapons@sofa_expert, photo https://sun9-2.userapi.com/c824604/v824604944/dafed/djs7aLbpJYk.jpg, 43, 28, 1"
"Модернизация венгерского AMD-65, которая включает в себя:<br><br>Пистолетная рукоять PG-11M <br>Передняя рукоять VFG-S<br>Компенсатор RFH03 <br>Накладка на газовую трубку, кронштейн и цевье местного разлива, инфы по ним не нашел.<br><br>У моих солдатиков в детстве автоматы были такого же цвета.<br><br>#weapons@sofa_expert, photo https://pp.userapi.com/c621706/v621706108/7a92a/JG2DT-Ulrfs.jpg, 62, 13, 1"
"Начал тут серию небольших статей по истории Арабо-Израильского конфликта. Следующая часть как только так сразу и будет о Войне за Независимость., None, 28, 1, 0"
"#navy@sofa_expert<br><br>Сегодня у нас в программе уникальный аппарат, наследник ""водобронных"" миноносцев, - полуподводный торпедный катер, разрабатывавшийся в нацистской Германии в 1940-41 годах на основе патента 1938 года, который получил один берлинский дантист, видимо большой флотолюб. К созданию столь экзотического аппарата изобретателя подвели сразу несколько путей.<br><br>Не секрет, что скорость современных ПЛ в подводном положении выше, чем в надводном. Это странное на первый взгляд явление обусловлено тем, что у надводного корабля очень большую часть сопротивления движению составляет его волновая часть, затраты энергии на создание волн на границе раздела сред. У полностью погруженной лодки такой границы нет, сопротивление уменьшается, скорость увеличивается.<br><br>С другой стороны, очевидно, что уязвимость прикрытой хотя бы метром воды конструкции - значительно ниже, чем у расположенной открыто, - если надводную часть катера можно разбить хотя бы и пулеметом, то подводная уже требует серьезного калибра для поражения. Однако, на то момент АЭУ еще не было и в помине, так что скорости подводных лодок были очень скромными, а дальность подводного хода совершенно недостаточной. В общем, эти соображения привели, в итоге, к появлению такой вот диковинной конструкции, гибрида торпедного катера и подводной лодки.<br><br>От ПЛ корабль унаследовал на 3/4 погруженное положение (соответствующее позиционному положению у ПЛ), а от торпедного катера - мощность двигателей и скорость. Вооружение мутанта составляли два 533-мм торпедных аппарата и две 20-мм скорострельные пушки. Аппарат испытывался в 1941 году, но в серию не пошел, при любом более-менее заметном волнении он норовил окончательно стать подводной лодкой, чего однако, не умел.<br><br>Текст и пара фото честно стырены из ЖЖ одного заядлого фаната оружейных и технических извращений.<br>https://strangernn.livejournal.com/72268.html, photo https://sun9-3.userapi.com/c834302/v834302463/f2523/Npci-dW3cWk.jpg, 25, 4, 3"
"V91 с цевьем М-лок Aim Sports.<br><br>#weapons@sofa_expert, photo https://pp.userapi.com/c840320/v840320923/68fa5/4oxi6zS4YjI.jpg, 54, 5, 2"
"LP7 <br><br>Румыния. Родина вампиров, цыган и всратых клонов АК. Обязан своему появлению компании RomArm. По сути он мало, чем отличается от своих умственно отсталых братьев. Ствольная коробка и УСМ заимствованы от АК и немного подпилены. <br><br>Затворная группа лишилась поршня и боевых упоров, как результат получился свободный затвор. Питается патроном 9х19мм из тридцатизарядных коробчатых отъемных магазинов. Установлен адаптер и шахта магазина. <br><br>Рукоять и нечто похожее на цевье выполнены из высоко технологического военного пластика (нет). На крышке ствольной коробки находится универсальная планка для крепления прицелов с али экспресс. Высокая посадка прицела обеспечивает крутой внешний вид.<br><br>Приклад складывается вбок, как у АКС. На ствол надет защитный кожух, чтобы стрелок не обжегся, случайно схватившись за ствол. На дульном срезе установлен не то компенсатор, не то пламегаситель.<br><br>Подведём итоги. Тот же ""витязь"", только для элиты и гурманов. <br><br>#weapons@sofa_expert #materials@sofa_expert, photo https://pp.userapi.com/c845219/v845219516/9a97/58y690j4g64.jpg, 58, 18, 2"
"#aircrafts@messershmitt_everyday<br><br>Bf.110D-0 с вспомогательным баком объемом 1050 литров «Dackelbauch». 1940 год., photo https://sun9-1.userapi.com/c840628/v840628666/6a4c9/ikaD3RY65AU.jpg, 31, 11, 0"
"Немного вакханалии на тему AR-7.<br><br>Вспомнил Ruger 10/22. Пустил слезу.<br><br>#weapons@sofa_expert, photo https://pp.userapi.com/c846016/v846016516/4cb7/8PgkZiNjpts.jpg, 68, 19, 2"
"Пистолет Explorer II на базе полуавтоматической винтовки AR-7 под патрон кольцевого воспламенения .22LR.<br><br>#weapons@sofa_expert, photo https://pp.userapi.com/c846016/v846016516/4c94/Pz2lBpeeHOM.jpg, 68, 0, 1"
"Пистолет Desert Eagle от компании Magnum Research Inc, стилизованный под игровой пистолет Nintendo Zapper 1984 года рождения.<br><br>Только он немного настоящий. Патрон .50АЕ, запирается поворотом затвора, автоматика основана на отводе пороховых газов через канал ствола. Из него в экран лучше не целиться.<br><br>#weapons@sofa_expert, photo https://sun9-9.userapi.com/c831208/v831208516/b2aa1/26F92anAHK4.jpg, 61, 3, 2"
"#vehicles@sofa_expert <br><br>Индийская БРЭМ Arjun ARRV на базе MBT Arjun MK I. Примерно 65 тонн специй, семи катков и песен с танцами.<br>На первой пикче ранний прототип, на второй - поздний, пошедший в производство.<br><br>При просмотре видео админка заработала нервный тик и заикание, осторожнее., photo https://pp.userapi.com/c846524/v846524731/437b/rFAM5UJl_rU.jpg, 29, 7, 0"
"#статьи_PzE, None, 64, 4, 4"
"Чо, посаны, стабилизация?<br>На гифке - индийский основной танк Arjun Mk.1<br>#vehicle@sofa_expert, None, 140, 11, 6"
"Турецкое помповое ружье 12-го калибра РА-459, импортируемое Weatherby. Через данного импортера также доступен и полуавтоматический вариант SA-459. Питание осуществляется из трубчатого магазина емкостью 5 патронов + 1 в стволе. На рынке, кишащем Моссбергами и Ремингтонами, данное ружье станет приятным ""разнообразием"" как для самозащиты, так и для практической стрельбы, хотя здесь, возможно, имеет место быть некоторая потеря в качестве изготовления и надежности.<br><br>#weapons@sofa_expert, photo https://pp.userapi.com/c846522/v846522533/3f17/N4tT-yBCSag.jpg, 18, 3, 0"
"Батл на вечер. В предстоящей битве сойдутся принц и нищенка от оружейного мира. Красавица и чудовище, если хотите. <br>Победит сильнейший, точнейший и кучнейший. Пошумим BRRRRT!<br><br>Сбалансированная Система Автоматики от непревзойденного (в попиле бабла) Концерна Калашникова, построенная в Сайге МК107 / SR1 под .223Remington. Из года в год катается на оружейные выставки в одном и том же неизменном состоянии и вдохновляет посетителей своими футуристичными формами. ССА представлена балансиром, который движется в противоположную сторону от затворной рамы. <br><br>VERSUS<br><br>Чешского никому неизвестного автомата CZW 7.62 (У НЕГО ДАЖЕ ПЛАСТИКОВЫХ ЭЛЕМЕНТОВ НЕТ ФУУУ УБОЖЕСТВО) на базе системы Барышева с полусвободным затвором и компенсатором отдачи. Питается патроном 7.62х39мм. Внешний вид, схожий с АК, обманчив - ничего общего между ними нет. Только суровый и топорный внешний вид. У CZW отдача в 3 раз меньше, чем у АК. И это не шутки - они встретились в маршрутке, дорогие дамы и господа.<br><br>Да начнется бой! <br><br>#weapons@sofa_expert #humor@sofa_expert #battle@sofa_expert, None, 27, 12, 1"
"Пуля для патрона .375 H&amp;H из гильзы от .223 Rem., photo https://pp.userapi.com/c847218/v847218303/1fb2/XeKIoxsrqwY.jpg, 55, 10, 3"
"Линкор Нельсон на пути в Кейптаун. Сентябрь 1945 г.<br><br>#navy@sofa_expert, photo https://pp.userapi.com/c844723/v844723630/8881/cNCM1LxeLZw.jpg, 27, 13, 0"
"Enfield EM-2, разработана в конце 40х для замены Ли-Энфилд 1904 и Стена, ест патроны .280 Бритиш. Принят на вооружении в 1951 году под обозначением N9 Mk1, но серийно не производился, по причине того, что из-за океана послышался крик ""УНИФИКАЦИЯЯЯЯЯ"", и была принята модификация FN FAL L1A1 под 7.62х51мм.<br><br>#weapons@sofa_expert, photo https://pp.userapi.com/c847218/v847218303/1f81/Bz-a1fKLvFc.jpg, 93, 12, 3"
"Чертёж разреза по миделю дредноута SMS ""Viribus Unitis"" типа ""Tegetthoff""<br><br>#Navy@sofa_expert, photo https://pp.userapi.com/c844723/v844723283/8f19/CjMXVjoAo7M.jpg, 34, 0, 0"
"Соратник больше, чем я думал<br><br>#vehicle@sofa_expert, photo https://sun9-7.userapi.com/c840426/v840426886/67a17/d-xCqBY-pGE.jpg, 74, 16, 1"
"#Armies_of_the_World_познавательные_передачи <br>Сериал «Секретные операции» рассказывает о высоких ставках в шпионских играх, об агентах, которые рисковали своей жизнью в глобальном шпионаже. Интервью с бывшими агентами ЦРУ, ФБР, КГБ и МИ-6 окунут зрителей внутрь происходящих действий, воссоздадут шпионские арсеналы и тактику вербовки агентов. <br><br>1 серия. Секретное оружие Рейгана / Reagan's Secret Weapon. <br>Владимир Ветров был шпионом КГБ, но затем предал свою родину и стал двойным агентом. Он был главным козырем США в шпионской войне с Советским Союзом.<br><br>2серия. Побег из Москвы / Escape from Moscow <br>Полковник КГБ и двойной агент Олег Гордиевский в течение десяти лет был шпионом английских спецслужб. Теперь он разыскивается по обвинению в измене Родине. Сейчас за ним охотятся советские разведчики, удастся ли ему избежать мести?<br><br>3 серия. Кодовое имя «Трианон» / Codename: Trigon <br>Агент ЦРУ женщина Марфа Петерсон, действует в мужском мире шпионажа в Холодной Войне в Москве. Она поддерживает связь Александром Огородниковым - советским дипломатом, агентом ЦРУ под кодовым обозначением Трианон (Trianon и Trigon), который на протяжении двух с половиной лет являлся осведомителем резидентуры ЦРУ в Москве. Раскрыт в 1977 году. Эта операция КГБ, по разоблачению Огородникова, подробно описана в романе Юлиана Семенова «ТАСС уполномочен заявить…», по которому был снят десятисерийный художественный фильм … <br><br>4 серия. Устранить Усаму Бен Ладена (Taking Down Bin Laden). После 10 лет преследования, «враг человечества номер один», Усама Бен Ладен, был окружен вблизи военной базы в Пакистане. С этим государством у США были очень натянутые дипломатические отношения, и любая попытка поймать Бен Ладена вызывала бурю протеста. Провал операции означал провал администрации Обамы. И все-таки правительство США понимает, что Бен Ладена нельзя упустить. Фильм рассказывает историю атаки на Бен Ладена и его смерти от рук американских «Морских котиков».<br><br>5 серия. Ночь Террора (Night of Terror). 23 октября 2002 года 850 зрителей пришли посмотреть постановку мюзикла «Норд-Ост» в городском Дворце культуры. Они не подозревали, что в эту минуту к театру направляется автобус с 42-ми вооруженными бандитами в масках. Группой, которая называла себя «Смертниками из 29 дивизии», руководил печально известный чеченский террорист Мовсар Бараев. Примерно в 9 часов 5 минут они вошли в здание через центральный вход и открыли стрельбу в воздух. Затем террористы собрали заложников в зале и установили взрывные устройства. В своем видео-обращении Бараев озвучил требования: вывести российские войска из Чечни и прекратить вторую Чеченскую кампанию. Он ясно дал понять, что каждый член группы готов умереть ради поставленной задачи. В числе заложников находились 70 иностранных граждан, и мир задался вопросом: стало ли в Москве также опасно жить, как когда-то на Диком Западе, или президент Путин все-таки держит ситуацию под контролем?<br><br>6 серия. Город в Осаде(City Under Siege). 26 ноября 2008 года один из самых крупных городов Индии – Бомбей - потрясла серия жестоких нападений, которые поначалу приняли за войну гангстеров. Пассажиры на центральном железнодорожном вокзале и посетители кафе «Леопольд» были хладнокровно расстреляны, и бомбы начали взрываться по всему городу. В еврейском центре были убиты молодой раввин и его беременная жена, а в знаменитом пятизвездочном отеле «Тадж-Махал» начался пожар. Вскоре стало понятно, что это не просто бандитские разборки, а жестокая атака террористов. Положить конец разгулу насилия могли только бойцы из национального подразделения безопасности, прозванные «Черными котами» из-за черной униформы и масок. Обученные по образцу немецкого полицейского спецподразделения, «черные коты» прибыли из Дели в Бомбей, чтобы положить конец безумию. Однако в условиях недостатка информации эта задача оказалась совсем не простой.<br><br>7 серия. Удар по Аль Каиде (Assault on Al Qaeda). Иорданец по происхождению, Абу Мусаб аль-Заркави, был одной из самых отвратительных личностей. На его совести - несколько самых бесчеловечных операций «Аль-Каида». Фактически даже «Аль-Каида» считала его негодяем – слишком жестокий, чтобы на него можно было положиться... В 2003 году, вскоре после вторжения американо-британских войск в Ирак, аль-Заркави приобрел печальную славу, совершая показательные «суды» над похищенными американскими гражданами: жертвам отрубали головы, записывали казнь на пленку и распространяли по всему миру. Для тех стран, которые освобождали Ирак, аль-Заркави оставался живым подтверждением того, что они не контролируют ситуацию в послевоенном Ираке. Необходимо было донести до мира: каждый мятежник и террорист будет обнаружен, пойман и уничтожен. Аль-Заркави стал врагом номер один, однако поймать его оказалось невероятно сложно. Много раз было объявлено о его поимке, но он появлялся вновь, приводя в ярость средства массовой информации.<br><br>8 серия. Шаровая Молния (Operation Thunderbolt). 27 июня 1976 г. самолет, следующий из Тель-Авива в Париж, захватывают террористы. Они требуют освобождения 53 сообщников, или же они убьют заложников. Израильский спецназ пытается спасти пассажиров.<br><br>9 серия. Операция Верная смерть (Operation Certain Death). 2000 год. Подсевший на наркотики жестокий главарь повстанцев-сепаратистов известных как «West Side Boys», захватил в плен 11 британских солдат-миротворцев в Сьерра-Леоне. Для разрешения ситуации задействован элитный отряд спецназа, составлен дерзкий и опасный план. Враг в пять раз превосходит их в численности, вооружен тяжелой артиллерией и верит в черную магию. Операция по их освобождению была поручена отряду британского спецназа SAS. Её официальное кодовое название – «Barras», но бойцы не надеялись вернуться оттуда живыми и дали другое название - операция «Верная смерть»., None, 18, 0, 4"
"Доров)) <br><br>#vehicle@sofa_expert, photo https://pp.userapi.com/c845418/v845418790/7c22/F0Bv5mSldNw.jpg, 78, 11, 0"
"Экспериментальный пистолет W+F Bern P47, был создан для швейцарского конкурса на замену Люгера после ВМВ. Интересна система автоматики, пороховые газы отводятся из ствола через отверстия сразу после патронника и удерживают затвор в переднем положении, пока пуля не покинет канал ствола и давление не спадет.<br>#weapons@sofa_expert, photo https://pp.userapi.com/c847218/v847218303/1f2c/faWwT5NTYC8.jpg, 46, 4, 0"
"Кейс для переноски АКС-74У.<br><br>Была бы еще возможность стрельбы, как из кейса с MP5. <br><br>#weapons@sofa_expert, photo https://sun9-4.userapi.com/c824203/v824203440/f469e/BMwhyyioMMg.jpg, 100, 18, 2"
"Сравнение габаритов B&amp;T TP-380 и Sig Sauer P226.<br><br>#weapons@sofa_expert, photo https://pp.userapi.com/c845019/v845019440/6d94/DlsVITQQ-H4.jpg, 39, 16, 1"
"#vehicles@sofa_expert<br>Легкая 1-тонная авиатранспортабельная полноприводная плавающая машина Hexonaut, была построена фирмой Humber в 1940 г. Необычность машины (помимо того, что она плавала) - в конструкции ее силовой установки и трансмиссии. Если я правильно понимаю, колеса у нее не поворачивались, машина для поворота подтормаживала, как танк, колеса одного борта. Мало того, у машины было еще и два двигателя, Hillman по 50л.с., каждый из которых работал на колеса одной из сторон автомобиля. Для уменьшения сопротивления воды на плаву - машину сделали очень узкой, при габаритной длине 3400 мм она имела ширину всего 1300 мм, - а вот весило это все около 3 т. Трехтонная машина, способная поднять всего тонну груза? Это слишком плохо для 1940 года, ""Гексонот"" получился слишком сложным и тяжелым и в производство не пошел. Выпущено всего 3 тестовых машины.<br><br>P.S. Впрочем, до десантных ли машин было Великобритании в 1940 году вообще?<br><br>Текст и фото честно стырены из ЖЖ одного заядлого фаната оружейных и технических извращений. https://strangernn.livejournal.com/70624.html, photo https://sun9-6.userapi.com/c840628/v840628761/6647b/az7UWjLBOsQ.jpg, 69, 7, 4"
"Для сравнения оригинальная 601 модель.<br><br>#weapons@sofa_expert, photo https://pp.userapi.com/c840136/v840136564/8520d/6zYJi4fkIII.jpg, 74, 7, 2"
"Brownells Model BRN-601<br><br>Впервые карабин показан на выставке Shot Show в 18 году. Примечателен тем, что повторяет классическую 5.56мм винтовку 1960 года, ставшую прародительницей всего семейства - Colt model 601. У нее была приятная фурнитура из пластика с зеленоватым оттенком, затворная коробка без досылателя, отражателя и усилений. <br><br>Однако, будем откровенны - карабин BRN-601 совсем не похож на родоначальника. Цвет фурнитуры слишком токсичный, похож на радиоактивные отходы или цвет не слившейся воды в ванне после моей бывшей. Пластик с виду игрушечный, все прилизано и чересчур вычурно. Многие пользователи отмечают не состыковки и расхождение с оригинальными деталями. Но черт возьми - она почти полностью копирует оригинал! Слегка подкрутить, состарить, перекрасить, и она станет прямо, как модель 60 года.<br><br>Общее сложенное впечатление скорее негативное. Юзеры и имевшие дело с винтовкой разбились на два лагеря: скептики, кому понравилась задумка делать ретро реплики, но не довольные исполнением и откровенные хейторы, поливающие говном просто потому, что не видят в жизни ничего позитивного. Про рекламных ботов не говорю. Мне понравилось несколько комментов:<br><br>1) ?????? Im conflicted, cant tell if I like or hate this yet,,,,,,,<br>2) 1,600 for a retro rifle when you can build one for under 1,000 bucks (да она стоит 1600 бачей)<br>3) (мой любимый коммент))) Cocksucking lime bullshit rifle lmao <br> 4) I am really interested in the 601, outside of the few small parts that are incorrect, is it me or is the green stock a little light in its shading, it would be an easy fix with the correct shade of green enamel spray though <br><br>#weapons@sofa_expert, photo https://pp.userapi.com/c840328/v840328564/6b79a/dwzV_oDViWM.jpg, 54, 17, 0"
"ARES MPR для тех, кто хочет арку, но не может :с<br><br>#weapons@sofa_expert, photo https://sun9-6.userapi.com/c831109/v831109564/b7173/FlhnXmKvq7U.jpg, 64, 9, 1"
"Ароид с нижнем ресивером от NoDak Spud и ноунейм верхним (вероятно тоже mуdak спуд)<br><br>По модулям: цевье MK18 Rail Interface System II, приклад Crane Stock, глушак 5.56mm QDSS NT4 Knight's Armament, фонарь Insight WMX200, AN/PEQ-15, EOTECH EXPS3, ручка Tango Down QD Vertical Grip, ремень BFG Vickers Sling и антабки KAC QD.<br><br>Вообще, не хватает рукоятки РТМ Пиллау, просто амеры не шарят. <br><br>#weapons@sofa_expert #materials@sofa_expert, photo https://pp.userapi.com/c846523/v846523905/1e63/jO2YEmA4-3w.jpg, 39, 0, 2"
"Французский ПП МАТ-49 под 9х19 мм.<br>#weapons@sofa_expert, photo https://pp.userapi.com/c847218/v847218303/1f0f/_H1k0W7Q0IQ.jpg, 64, 6, 1"
"Японский боец с имитатором винтовки Type 89.<br><br>#weapon@sofa_expert, photo https://sun9-3.userapi.com/c840726/v840726680/66d94/4mpo07l_bCc.jpg, 54, 18, 0"
"Корейский и американский боец во время учений.<br><br>#army@sofa_expert, photo https://pp.userapi.com/c845521/v845521167/63f9/jss_gvhlxAE.jpg, 43, 2, 1"
"Японский боец из состава спецподразделения SFG сухопутных сил самообороны Японии. Бойцам этого спецподразделения запрещено выходить на публику без балаклав. <br><br>#army@sofa_expert, photo https://pp.userapi.com/c846524/v846524167/1692/QqJRFz-wjXM.jpg, 98, 41, 4"
"Японка возле 155-мм ствола самодвижущийся гаубицы FH-70.<br><br>#army@sofa_expert, photo https://pp.userapi.com/c845416/v845416167/63a1/gnUb7OCkxRQ.jpg, 47, 3, 0"
"Корейски боец с винтовкой K1A из состава разведывательного батальона 1-й пехотной дивизии сухопутных сил Республики Корея. <br><br>#army@sofa_expert, photo https://pp.userapi.com/c847124/v847124167/169a/31aHB5COblw.jpg, 33, 8, 0"
"Корейский боец с винтовкой К2 во время учений. На заднем плане танк К1. <br><br>#army@sofa_expert, photo https://pp.userapi.com/c847124/v847124167/1689/0jEp4_qElu8.jpg, 51, 6, 0"
"Японские бойцы во время учений. Окинава. <br><br>#army@sofa_expert, photo https://pp.userapi.com/c847124/v847124167/1676/qecCkZYdZy0.jpg, 35, 0, 0"
"Бойцы из состава подразделения по охране аэродромов ВСС Японии во время учебных стрельб из винтовок Type 64. Авиабаза Хякури. <br><br>#weapons@sofa_expert, photo https://pp.userapi.com/c847124/v847124167/163f/VEz-P8X6TG0.jpg, 24, 3, 0"
"#Интересное_africahistory<br><br>Восстание Махдистов в Судане., None, 14, 0, 0"
"#vehicles@sofa_expert<br>High Mobility 20 mm Vulcan Wheeled Carrier (VWC) Antiaircraft Gun System<br>Эта машина, призванная заменить буксируемую установку М167 была изготовлена компанией Standard Manufacturing Company Inc в начале 80х годов прошлого века, машина проходила испытания в 9й ПД(1983-1984г.г.), заключение положительное, в 1985 обкатывали уже взвод из 4х машин, но затем армейцы положили проект ""под сукно"". Машиной очень интересовались израильтяне, им было надо подобное для борьбы с тогда еще первыми ""Кассамами"" и им подобной шушерой, но что-то там не срослось, и в серию такие ЗСУ не пошли.<br><br> Боекомплект- 2550 выстрелов, из них 550- готовых.<br> Максимальная скорость- 72 км/час,<br> трансмиссия гидростатическая,<br> подвеска гидропневматическая с изменяемым дорожным просветом, можно также регулировать крен и т.п... <br><br>А мне, честно говоря, машина понравилась, - мобильность офигительная, а стрелять можно не только по самолетам и ракетам.<br><br>Текст и фото честно стырены из ЖЖ одного заядлого фаната оружейных и технических извращений.<br>https://strangernn.livejournal.com/71251.html, photo https://sun9-5.userapi.com/c840628/v840628761/66496/Vwrw2tppDww.jpg, 78, 3, 4"
"Remington 870 MCS<br><br>#weapons@sofa_expert, photo https://pp.userapi.com/c847221/v847221687/153d/zZEbvrfNnsw.jpg, 61, 3, 5"
"#vehicles@sofa_expert<br>Традиции - это святое!<br>И, будучи пионерами фанерного танкостроения, немецкие военные не смогли отказаться от этого увлекательнейшего занятия и в новейшее время. Как видите, судя по полусферической ""литой"" башне - это ""нечто"" пытается изо всех сил имитировать какой-то советский танк. Какой - установить не могу, макет очень и очень приблизительный. Но, по-моему, попотеть над ним пришлось, - такую форму башне из фанеры на коленке не придашь. Однако, по мере приближения к грунту - энтузиазм фанеротанкостроителей, видимо, угасал. Потому что гусеницы они просто намалевали краской, даже не попытавшись сделать хотя бы сколько-нибудь реалистичное подобие.<br><br>К сожалению, осталось неизвестным и шасси, которое там, внутри, - но что-то не очень большое, полагаю, типа Унимога.<br><br>Текст и фото честно стырены из ЖЖ одного заядлого фаната оружейных и технических извращений.<br>https://strangernn.livejournal.com/71603.html, photo https://sun9-5.userapi.com/c840628/v840628761/6649e/j9_ihTIYIP4.jpg, 41, 9, 0"
", None, 40, 5, 6"
"Не так давно был популярен нож-кредитка, а в девяностых - брутальный пистолет-нож Powell and Brown под патрон кольцевого воспламенения .22LR. Клинок сделан из говёной нержавейки. Стоит ли говорить о надобности изделия?<br><br>#weapons@sofa_expert #cooldweapons@sofa_expert, photo https://sun9-9.userapi.com/c824500/v824500524/eb00a/UcAVxAhkJ-U.jpg, 37, 11, 0"
"Редкое фото разобранного M1918 BAR для британской армии под патрон .303 Бритиш.<br><br>Обратите внимание на изогнутый магазин.<br><br>#weapons@sofa_expert, photo https://sun9-8.userapi.com/c824500/v824500524/eaffc/p6g79s7oDg4.jpg, 63, 4, 2"
"На первый взгляд здесь мы видим М110 от Knights Armament, но самом деле от нее здесь лишь магазин, пламегаситель и пистолетная рукоятка. Владелец этой машинки собрал ""бюджетный"" вариант того, что обычно стоит 15.000+ долларов. Собрано это из множества разнокалиберных деталей: верхний ресивер CMMG, нижний вроде от Bushmaster, ствол и газблок с планкой от Fulton Armory и так далее. Некоторые детали также отнюдь недешевые (цена одной из них может быть и в районе нескольких тысяч), но в конечном итоге сборка выходит порядка в 2 раза дешевле оригинала<br><br>#weapons@sofa_expert, photo https://sun9-9.userapi.com/c830400/v830400608/aeba6/DzRwZ4XsPf4.jpg, 71, 1, 0"
"#aircraft@sofa_expert <br><br>Истребители МиГ-31 317-го смешанного авиаполка МА ВМФ РФ на аэродроме Елизово. Январь 2017 года., photo https://pp.userapi.com/c845017/v845017755/34cf/isu6w7v8J9w.jpg, 30, 0, 0"
"#weapons@sofa_expert<br>Все-таки, специальность накладывает свой отпечаток, согласитесь? Вот этот вот ...револьвер, извините, со стволом в 3 фута (91 см) конфисковали бравые бразильские полицейские. Любят всякое такое разные мафиози, любят - линейное у них мышление, и мечта иметь крутой револьвер не перетекает с масштабированием в мысль о нормальном длинностволе, а порождает вот такие гиперревольверы. Кстати, я думаю, что с таким стволом оно под какой-то охотничий калибр. Револьверному патрону любого калибра просто мощности не хватит качественно протащить пулю по такому стволу. В смысле, начальная скорость будет меньше, чем из, скажем, 12"" (1 фут, как раз) ствола. Причем, заметно... Ну, и кому оно надо? А вот в 16 охотничьем калибре и пулю по гладкому стволу протолкнуть можно, и картечью... Правда, конечно, сказать что ""неудобно"" - это ничего не сказать.<br><br>Текст и фото честно и экстренно стырены из ЖЖ одного заядлого фаната оружейных и технических извращений. Потому что АААААААААААААААААААА!!!!<br>https://strangernn.dreamwidth.org/1661950.html, photo https://pp.userapi.com/c841024/v841024027/76f72/OltKb1AyWz4.jpg, 86, 16, 2"
"#army@sofa_expert, None, 24, 2, 2"
"Два варианта бельгийских винтовок FN F2000, представленных для вооружения ВС Словении. Перуанские военные также имеют на вооружении вариант как на 1 фото, но там мы наблюдаем штык-нож FOX Spartan, который, если я не ошибаюсь, как раз и производится для словенской армии. Второй же образец привлекает внимание своим обвесом.<br><br>#weapons@sofa_expert, photo https://pp.userapi.com/c845217/v845217917/291d/wUOi7plCXZk.jpg, 72, 20, 1"
"На брестском полигоне противотанковые подразделения десантно-штурмовой бригады отработали вопросы борьбы с бронемашинами. В рамках занятия представители Госкомвоенпрома провели исследовательские испытания телевизионных модулей. С их помощью можно обнаружить цель на дальности до 6000 метров и распознать на расстоянии 4000 метров. При этом мишень не скроет даже дымовая завеса. <br>#army@sofa_expert, None, 28, 1, 1"
"#aircrafts@messershmitt_everyday<br><br>Уже начинает светить солнце. Уже скоро начнется настоящая весна. И этот Густав уже приготовил свой зонтик. А вы?, photo https://sun9-4.userapi.com/c834302/v834302193/dd4e1/bZsay47gR2Y.jpg, 46, 3, 0"
"Знакомая своим дизайном M17S имеет непростую историю. Изначально разработка велась австралийской компанией Armtech, которая надеялась получить контракт для ВС Австралии. Однако затея провалилась, и патент был продан компании Edenpine, которая заключила сотрудничество с Bushmaster для совместного производства сих bullpap'ов на американский рынок. Затем Edenpine обанкротилась, и права на производство были полностью проданы Bushmaster'у, которая в свою очередь не долго занималась производством нашего гостя. Мы же на фото видим более современную модель с измененным дизайном, которую после отхода Bushmaster производит К&amp;M Arms.<br>Итак, новый, если можно так выразится, вариант производится в нескольких вариантах: под 5.56, .300 Blackout, 6.5 Grendel и даже .308 Winchester. По автоматике никаких изменений не было: все тот отвод пороховых газов с коротким рабочим ходом газового поршня, а запирание осуществляется поворотом затвора на 7 боевых упоров. Вариант под 5.56 свободно кушает станаги.<br><br>#weapons@sofa_expert, photo https://sun9-1.userapi.com/c840731/v840731716/670d3/msC0Q3nOoWY.jpg, 75, 10, 2"
"#vehicles@sofa_expert <br><br> Рабочие места хеншелевского Тигра, Тигра Порше и Королевского Тигра. Можно сравнить условия и предоставленный объем.<br>Особенно рекомендую оценить количество органов управления., photo https://sun9-8.userapi.com/c840637/v840637775/69c31/OARFcqMcx5I.jpg, 68, 8, 1"
"#vehicles@sofa_expert <br>Форт Тибуртина. ""Педантичные"" немцы грубо нарушают технику безопасности., photo https://sun9-9.userapi.com/c840439/v840439569/675e7/5iqCuGtr3Ig.jpg, 52, 5, 0"
"Красивейшая из всех винтовок М16А2 с подствольным гранатометом М203 зовут тебя в постельку.<br><br>#weapons@sofa_expert, photo https://sun9-2.userapi.com/c840621/v840621108/66bcd/o0YXylxbh4s.jpg, 103, 19, 3"
"#vehicles@sofa_expert <br><br>Трофейный КВ-1 с гусеницами от PzKpfw. III. Вероятно, установлены для облегчения буксировки., photo https://pp.userapi.com/c841532/v841532797/77583/nfKafZ46P9Q.jpg, 50, 6, 1"
"Японские бойцы из подразделения WAIR во время учений Iron Fist 2018. <br><br>#army@sofa_expert, photo https://sun9-5.userapi.com/c840632/v840632211/6417f/UFIDPxv3Owg.jpg, 46, 4, 0"
"Китайские бойцы с 35-мм снайперской гранатометной установкой QLU-11.<br><br>#weapons@sofa_expert, photo https://pp.userapi.com/c840237/v840237012/85fd9/czJcJanxvN8.jpg, 98, 49, 2"
